<?xml version="1.0"?>
<doc>
    <assembly>
        <name>Blackfin.Core.Routing</name>
    </assembly>
    <members>
        <member name="T:Blackfin.Core.Routing.IRoutableControl">
            <summary>
            Web elements that implement this interface can generate outgoing Routable URLs.
            </summary>
        </member>
        <member name="P:Blackfin.Core.Routing.IRoutableControl.RequestContext">
            <summary>
            Gets or sets the request context.
            </summary>
            <value>The request context.</value>
        </member>
        <member name="T:Blackfin.Core.Routing.RouteDataHelper">
            <summary>
            Helper for Route Data
            </summary>
        </member>
        <member name="M:Blackfin.Core.Routing.RouteDataHelper.#ctor(System.Web.Routing.RouteData)">
            <summary>
            Initializes a new instance of the <see cref="T:Blackfin.Core.Routing.RouteDataHelper"/> class.
            </summary>
            <param name="data">The data.</param>
        </member>
        <member name="M:Blackfin.Core.Routing.SecureWebFormRouteHandler.GetHttpHandler(System.Web.Routing.RequestContext)">
            <summary>
            Because we're not actually rewriting the URL, ASP.NET's URL Auth will apply 
            to the incoming request URL and not the URL of the physical WebForm page.
            Setting this to true (default) will apply URL access rules against the 
            physical file.
            </summary>
            <value>True by default</value>
        </member>
        <member name="M:Blackfin.Core.Routing.SecureWebFormRouteHandler.GetSubstitutedVirtualPath(System.Web.Routing.RequestContext)">
            <summary>
            Gets the virtual path to the resource after applying substitutions based on route data.
            </summary>
            <param name="requestContext"></param>
            <returns></returns>
        </member>
        <member name="P:Blackfin.Core.Routing.SecureWebFormRouteHandler.VirtualPath">
            <summary>
            This is the full virtual path (using tilde syntax) to the WebForm page.
            </summary>
            <remarks>
            Needs to be thread safe so this is only settable via ctor.
            </remarks>
        </member>
        <member name="T:Blackfin.Core.Routing.SiteMap">
            <summary>
            Parses the Sitemap XML file and provides methods to lookup menu and routing information.
            </summary>
        </member>
        <member name="M:Blackfin.Core.Routing.SiteMap.RegisterRoutes(System.Web.Routing.RouteCollection)">
            <summary>
            Registers all the routes in the sitemap with the ASP.NET routing engine.
            </summary>
        </member>
        <member name="T:Blackfin.Core.Routing.SiteMapCache">
            <summary>
            A simple static class to load up a SiteMap, store it globally, and watch the sitemap for changes.
            </summary>
        </member>
        <member name="T:Blackfin.Core.Routing.IUrlHelper">
            <summary>
            Helpful interface to get at route information.
            </summary>
        </member>
        <member name="M:Blackfin.Core.Routing.IUrlHelper.RouteSelfUrl(System.Object)">
            <summary>
            Returns a url to the current route with the supplied route parameters.
            </summary>
            <param name="values">An object defining the parameters to pass to the route.</param>
        </member>
        <member name="M:Blackfin.Core.Routing.IUrlHelper.RoutePeerUrl(System.String)">
            <summary>
            Returns a url to the specified route, using the same route variables that were used on the current route.
            </summary>
        </member>
        <member name="M:Blackfin.Core.Routing.IUrlHelper.RouteUrl(System.String)">
            <summary>
            Returns a url to the named route with empty parameters.
            </summary>
        </member>
        <member name="M:Blackfin.Core.Routing.IUrlHelper.RouteUrl(System.String,System.Object)">
            <summary>
            Returns a url to the named route with supplied route parameters.
            </summary>
            <param name="name">The name of the route to return a url to.</param>
            <param name="values">An object defining the values to pass to the page.</param>
        </member>
        <member name="M:Blackfin.Core.Routing.IUrlHelper.RouteSelfUrl(System.Web.Routing.RouteValueDictionary)">
            <summary>
            Returns a url to the current route with the supplied route parameters.
            </summary>
            <param name="values">A dictionary defining the values to pass to the page.</param>
        </member>
        <member name="M:Blackfin.Core.Routing.IUrlHelper.RouteUrl(System.String,System.Web.Routing.RouteValueDictionary)">
            <summary>
            Returns a url to the named route with supplied route parameters.
            </summary>
            <param name="name">The name of the route to return a url to.</param>
            <param name="values">A dictionary defining the values to pass to the page.</param>
        </member>
        <member name="T:Blackfin.Core.Routing.UrlHelper">
            <summary>
            Provides wrapper to RequestContext information.
            </summary>
        </member>
        <member name="M:Blackfin.Core.Routing.UrlHelper.RouteSelfUrl(System.Object)">
            <summary>
            Returns a url to the current route with the supplied route parameters.
            </summary>
            <param name="values">An object defining the parameters to pass to the route.</param>
        </member>
        <member name="M:Blackfin.Core.Routing.UrlHelper.RoutePeerUrl(System.String)">
            <summary>
            Returns a url to the specified route, using the same route variables that were used on the current route.
            </summary>
        </member>
        <member name="M:Blackfin.Core.Routing.UrlHelper.RouteUrl(System.String)">
            <summary>
            Returns a url to the named route with empty parameters.
            </summary>
        </member>
        <member name="M:Blackfin.Core.Routing.UrlHelper.RouteUrl(System.String,System.Object)">
            <summary>
            Returns a url to the named route with supplied route parameters.
            </summary>
            <param name="name">The name of the route to return a url to.</param>
            <param name="values">An object defining the values to pass to the page.</param>
        </member>
        <member name="M:Blackfin.Core.Routing.UrlHelper.RouteSelfUrl(System.Web.Routing.RouteValueDictionary)">
            <summary>
            Returns a url to the current route with the supplied route parameters.
            </summary>
            <param name="values">A dictionary defining the values to pass to the page.</param>
        </member>
        <member name="M:Blackfin.Core.Routing.UrlHelper.RouteUrl(System.String,System.Web.Routing.RouteValueDictionary)">
            <summary>
            Returns a url to the named route with supplied route parameters.
            </summary>
            <param name="name">The name of the route to return a url to.</param>
            <param name="values">A dictionary defining the values to pass to the page.</param>
        </member>
    </members>
</doc>
